Date,Bankura_temp,Birbhum_temp,Burdwan_temp,Darjeeling_temp,Hooghly_temp,Howrah_temp,Jalpaiguri_temp,Kochbihar_temp,Kolkata_temp,Malda_temp,Medinipur_temp,Murshidabad_temp,Nadia_temp,North-24-Parganas_temp,North-Dinajpur_temp,Purulia_temp,South-24-Parganas_temp,South-Dinajpur_temp
1993-01-01,19.000192565688625,18.866314344260473,19.350921835488226,15.165024178692025,19.949559153044657,20.085415734443437,16.83878725067936,17.360970523992062,20.137466330035753,17.346065037422854,19.619078935161525,19.065273267508513,19.74307209420108,19.47032739082384,16.649253308486564,18.276612588580786,16.623593405432853,18.217343784511925
1993-02-01,21.753657949919795,21.891657809058998,22.311818800940138,17.227583713873326,22.929278643273022,23.000501864864823,18.82641800711744,19.534367464881576,23.13640619072768,20.083213871532774,22.290369930528506,21.922798910456805,22.67733670654559,22.289626533157524,19.133121516766312,20.80085776629198,18.918707405744925,20.768432660514346
1993-03-01,26.8017550999995,26.95165793842346,27.34670142450484,21.922013085310144,27.741037614383643,27.554186073060905,23.396713285407284,23.953576765076193,27.774214796788268,25.28276706198253,26.793538572316145,26.93101220177649,27.516699470555285,26.39904465691473,24.26070525927434,25.849562818539955,22.272608810301588,25.77012242275337
1993-04-01,30.743270862393402,31.03454896349274,31.06284101919547,25.246163940014874,30.824731057518527,30.32999707569759,26.535060200663672,27.067589971663462,30.59651733676373,29.37130485658195,29.818731638893155,30.828002658639928,30.890000549550408,28.807564725787877,28.159948637068624,30.215648680245053,24.110074108663802,29.62154974614966
1993-05-01,31.95356471826885,31.96362361137667,31.962939759895285,26.48164629469013,31.458349162414024,31.063045708214325,27.463072188470804,27.92874226996004,31.247809218162445,30.190325667794184,30.785737699866562,31.49712410107047,31.4982150319047,29.453470073911635,29.223887193869484,31.954530305035725,24.818665828378286,30.24817330226258
1993-06-01,30.717940712237784,30.886185737663194,30.82141751638191,27.25503591381719,30.524323855093904,30.306829717374562,28.210216448306014,28.792353408952593,30.498916491446685,29.830942912850162,29.807239403404264,30.706948612060806,30.658312862972284,29.02107289996581,29.340340543075232,30.477974850635093,24.537949991183332,30.152682537283443
1993-07-01,28.4802863995504,29.00262622697961,29.045783816246548,27.14397035438525,29.158581419343957,29.021258030284628,28.27742038401995,28.86277460647328,29.286882403436184,28.67207585846686,28.150223338185096,29.280679828376787,29.374492895550112,28.052993351912978,28.630344074968804,27.716131488806536,23.644741197168607,29.38282081496605
1993-08-01,28.21468402084873,28.763073468694657,28.782945016130817,27.34989278130088,28.867567376824272,28.782540327239374,28.60260144086791,29.08872066038223,28.942876727002467,28.510391690691044,27.911916787531602,29.09626546736793,29.191875481354778,27.819336558415987,28.642927032038862,27.469038558894905,23.510690341585,29.246554482097885
1993-09-01,28.252893906144124,28.67785344649513,28.806486994256627,26.766086765395638,28.894385448983662,28.805479334418287,27.952522725647878,28.49472083064981,28.997525018259864,28.30456785726945,27.91820106079004,29.043220250518836,29.279428459823283,27.953581832491327,28.34062190735946,27.46865803473507,23.60265702648522,29.096234674708942
1993-10-01,26.418963672743963,27.20517227958871,27.31759030441852,25.14195577895477,27.553647091560975,27.53829302979387,26.29492132169321,26.73183513033603,27.76330586776831,26.77339630037254,26.57563088475316,27.62866216616038,27.96941296181693,26.899066633893675,26.625943355641514,25.573082626751642,22.754478714959564,27.351965709278243
1993-11-01,22.291584879990943,23.053714344444387,23.275616173257742,20.94016797348123,23.877077983970786,23.989499954382765,22.29866419510983,22.712958792058387,24.180466301798994,22.484892329989577,23.089059811192364,23.727009344915082,24.177143190402536,23.550961232164195,22.22839975172014,21.433184464858137,20.00428241511843,23.556417824234508
1993-12-01,18.966752411895506,19.24579877787292,19.58962181675375,17.206653181247464,20.271277057009744,20.508722336521362,18.697235519825853,18.815344444629226,20.61974798326503,18.474797828217774,19.73846360807917,19.70794984890049,20.340449418764848,20.101320006255527,18.099606279188993,18.24653554446963,17.189822923249793,19.55190172765334
1994-01-01,19.108023282280374,18.936708063438278,19.422647463372712,15.33458810887927,20.016314016220065,20.157454935586134,16.97230978110216,17.503877409042985,20.19682106446155,17.416846629267848,19.598522358521667,19.16937322665506,19.821755559951168,19.54523710942181,16.73254620544654,18.27480903348904,16.692740305794047,18.305179101750973
1994-02-01,21.758365585315254,21.924503184610295,22.327696981794762,17.260482366501705,22.943669144147265,23.0133530544981,18.846584729292243,19.540920951925948,23.154898402339075,20.07166774606792,22.327442668720327,21.936384240233338,22.712884777937916,22.303743935231346,19.126804321495058,20.782395660352787,18.938144760454616,20.759554062912706
1994-03-01,26.819257898555684,26.975411681357773,27.371481570250495,21.972522665522764,27.765134847362194,27.578737068871224,23.42234833280222,24.003457926622968,27.796748022550652,25.32403064286894,26.80712057304814,26.95790211204789,27.537857089869167,26.41469619276986,24.315237164742374,25.86587524141941,22.289000506604342,25.84746392154163
1994-04-01,30.746383743256068,31.051957900796154,31.08343974433497,25.27661258114007,30.846487347146354,30.35074343696905,26.535791670887566,27.09058460188077,30.62848942044503,29.39434671164942,29.856556349991678,30.86244613901275,30.914420591389792,28.82923359449061,28.18969779526125,30.227414986713576,24.125579696892935,29.66689399634992
1994-05-01,31.963711560934435,31.956077042432657,31.96140238954815,26.473297480418456,31.457512546931124,31.062122140640327,27.44297419938502,27.909574915453536,31.241543570325568,30.16327637436956,30.77325431707823,31.52088409245539,31.46207741254551,29.447812655187786,29.19425870187553,31.94039928957604,24.818667289131376,30.210899655764994
1994-06-01,30.708076283400782,30.901921478110843,30.83553109555341,27.273122352747798,30.532586378457317,30.32371447256005,28.208275902431417,28.79514533696486,30.509520041396303,29.856731267773874,29.82260459458789,30.732181452118315,30.679469249379054,29.02679192479738,29.36336024494922,30.480670514857714,24.545476365606113,30.18512865451338
1994-07-01,28.506763056998793,29.026144211484773,29.04709403608097,27.13964082285081,29.16787082122385,29.018478785621124,28.267739228803535,28.839670350914634,29.302409005908448,28.649986457242623,28.153492276856422,29.290799545445314,29.36415852091113,28.071617978392712,28.616151209976813,27.736335734436143,23.64651931138557,29.368325332395013
1994-08-01,28.23864771397907,28.777116276502845,28.79091753839801,27.372246257146884,28.876408797843236,28.791402873858274,28.60073017837497,29.088870956177654,28.950308209879708,28.508016399721843,27.905724429970228,29.120761644481682,29.189100216236284,27.84266563131579,28.650707537596688,27.475535211383573,23.517250060835437,29.262748021580304
1994-09-01,28.2387844121309,28.678920344914427,28.82319271516981,26.771514453484766,28.900408547883703,28.81641165416029,27.94377723935773,28.499172026831108,29.00359276168891,28.309221970515193,27.92150594475971,29.07133293327319,29.282208620505656,27.94870360638542,28.349409499512078,27.472801558216723,23.607091290851976,29.110209537165456
1994-10-01,26.446332356027998,27.213900531073442,27.330935126610363,25.15497034508005,27.557948981502054,27.55157468523531,26.290052886854305,26.739533016135177,27.774027226659936,26.769300043353873,26.568242808592764,27.635652591314983,27.97860960250399,26.90550235896448,26.6274274963625,25.5812293399088,22.76079753485793,27.355470906250254
1994-11-01,22.352706038820475,23.062209211252203,23.288329759038074,20.94974490504595,23.884493037435977,24.008025963889956,22.29040224841579,22.71647012082676,24.18971886942679,22.48680550991423,23.059112295596528,23.727556839266516,24.20975165650032,23.54039103746426,22.243553949018743,21.45034553966079,20.010487324778143,23.590426772140944
1994-12-01,19.00508792951442,19.245875653451783,19.589420386752657,17.202495989738004,20.267806677658083,20.51071244330711,18.682805593188043,18.798131734985105,20.618957840667193,18.463061318468938,19.705974070687297,19.719477751167215,20.340487093319666,20.094825937266286,18.088288236488765,18.24402945326625,17.18875657871434,19.534243351349335
1995-01-01,19.091641267340883,18.950335734182573,19.42964512983126,15.343432147045416,20.019641685529066,20.163101083099598,16.965152769324476,17.500922879696926,20.208839056014394,17.416448171893787,19.599232341561,19.179792916848967,19.83983960484501,19.545186063705685,16.736898329081846,18.276551246813202,16.6959604279868,18.313806183055007
1995-02-01,21.765523917851965,21.932465154232947,22.335613982755127,17.27159123174868,22.94779781613589,23.021850756950762,18.841159669528423,19.541890390756798,23.16365603376082,20.073713178668957,22.30443309122723,21.95142088269333,22.723747644086835,22.303807234232824,19.133702254708744,20.78504232337488,18.942085522761964,20.77226185368999
1995-03-01,26.828485995991418,26.98778030677947,27.377916649780108,21.98091321400966,27.769144328013304,27.58615320234437,23.416602588900645,24.003868618565594,27.80655582916507,25.32427653872744,26.794489965881414,26.96928893750509,27.552238345625323,26.416199783132804,24.32023801880329,25.867919471604697,22.292985417617487,25.857494886921916
1995-04-01,30.758568911821698,31.064408778649295,31.090080298552007,25.28691637192942,30.850932533197113,30.359313433694453,26.5309152624291,27.091150147026227,30.63581323224114,29.39396855606096,29.83654347798307,30.86990493815311,30.927763137106624,28.829370376419014,28.195381050769797,30.229480757202552,24.129577452603495,29.67834134768821
1995-05-01,31.965161684799366,31.970217699662136,31.968879743305095,26.484188416354232,31.46138581614548,31.069416520482505,27.438738299271005,27.910490004453628,31.25285479197668,30.164046672991784,30.762364819466026,31.52409669369306,31.484211807890855,29.447587682093243,29.201725975815407,31.942965490218693,24.82288981382087,30.225353995176473
1995-06-01,30.72137569834136,30.913630066596465,30.84196234656847,27.2839960977197,30.538035563994406,30.329332238476685,28.202746880881097,28.796856706897184,30.519682051159982,29.85515699755924,29.806356715142112,30.74102840052375,30.691375135714985,29.028131110804747,29.36910860615914,30.48296779434889,24.549589798534747,30.19738950217769
1995-07-01,28.508783135839483,29.034664126787767,29.057381002724917,27.15002022111204,29.171713469409237,29.02970670544711,28.26233600013773,28.841896225395597,29.310042122554925,28.65178385813966,28.140740037058,29.300083049139243,29.382628020704377,28.06753843422446,28.62320530043447,27.737901496043218,23.650716079063972,29.3816903948631
1995-08-01,28.240301892380515,28.788295535247666,28.79908703191115,27.383023868680944,28.881238775631637,28.799457691738812,28.595328697931247,29.09068923878333,28.961146462966493,28.509334610828542,27.895962052401636,29.128119491010956,29.206538711912586,27.839102127783374,28.65707107518294,27.477621778553406,23.521377507695618,29.274969658504997
1995-09-01,28.25293616703831,28.69414751270032,28.827554452999365,26.78097491810002,28.9054480259637,28.822807309893722,27.93902641868924,28.500160418801812,29.014042600749082,28.30978430710924,27.908206813405336,29.07746781975832,29.29763047401989,27.95134887693109,28.355681971497997,27.474968699804368,23.611249551263796,29.122939332189738
1995-10-01,26.446698729179506,27.22701314441951,27.33684036479951,25.164360748681254,27.564144411999113,27.55807076222997,26.285098943371274,26.739946296944314,27.78379213687053,26.770340718004753,26.558802139681017,27.646914177374526,27.99220111798916,26.905489589046923,26.634021451285854,25.583246207087452,22.76492847412666,27.36865121766537
1995-11-01,22.342888092807247,23.075972017730304,23.29543551144415,20.959346939615013,23.890342943921564,24.013212814427312,22.285578855346962,22.717951724553483,24.20033339256393,22.488830538860725,23.05675677679304,23.742741910933667,24.217964107498553,23.545239297823706,22.249650834387726,21.452052965419174,20.01461991544811,23.601307224214597
1995-12-01,18.99788775289043,19.259521001401772,19.597765440619966,17.212242307169895,20.273378317443083,20.517172456773864,18.67799134383897,18.800138136087895,20.629335964895596,18.46374713300566,19.701166912614156,19.72799688679732,20.354454556861835,20.095526522886274,18.095200755274504,18.246295742242886,17.19299458361396,19.548323125037022
1996-01-01,19.105117388937565,18.9612008550695,19.436980933167032,15.353125114047042,20.02489694413715,20.170494360072066,16.96009981533568,17.5026100248978,20.21729715645645,17.41713039875857,19.585821159743244,19.190442708817315,19.85066256647128,19.546072249757607,16.743350919324584,18.278721311716346,16.700136290293624,18.326564410749683
1996-02-01,21.771136186455095,21.94522469601194,22.342865731281208,17.281197833169262,22.953096001967495,23.028624538490657,18.83606226549338,19.543390451043635,23.17327698976181,20.074300056201153,22.29811806616574,21.96098659108142,22.736709422506085,22.304951229072437,19.140082023146036,20.787177773973227,18.946250937665823,20.78485993348246
1996-03-01,26.833238432514797,26.999209225340838,27.38566922763093,21.990375154455005,27.77443317245992,27.593227305096786,23.41145174826719,24.00529924118207,27.815852870169813,25.324907085546045,26.785074083562343,26.97988216302421,27.564302122161724,26.41696097758772,24.326678607394555,25.870068197514875,22.297150192480206,25.870176368833672
1996-04-01,30.762343829803704,31.075831012656753,31.097772152900852,25.2964510352185,30.85608596351308,30.366001094602677,26.525706364091082,27.09263919747123,30.64578490613731,29.39486176396649,29.829297307530698,30.881692068670407,30.940098928825527,28.8304641765602,28.20180245383846,30.231633182676006,24.133742041251587,29.69094559947606
1996-05-01,31.97281858453673,31.981176964445883,31.97637575316612,26.493688028405558,31.46686458573013,31.07671734467108,27.43351049262707,27.912083855394425,31.261857335614224,30.1649958719729,30.75254978182629,31.537268219390892,31.49430303415344,29.44889943191633,29.208086815622337,31.945107436576716,24.827051143904736,30.237823808105848
1996-06-01,30.724844626867604,30.92528414829392,30.849772310291833,27.293525404443926,30.5429239563206,30.337109093713657,28.197619787953474,28.798224807569007,30.528933721737136,29.856309693072006,29.798061858461978,30.752422215522767,30.70411857582596,29.028984070431637,29.375527302313923,30.485111982109103,24.553752710164744,30.20992311517541
1996-07-01,28.516116947856407,29.047273193202624,29.063787327651053,27.159475469948568,29.17714650842135,29.03560157345722,28.25720970575339,28.843292729802528,29.320007507421465,28.652471935677088,28.131421094276792,29.311444157356263,29.39363991371417,28.06973972345933,28.62958018986622,27.74008094038593,23.654877782557353,29.39423484252764
1996-08-01,28.247780083959647,28.80012028654504,28.80626498492032,27.39253394825509,28.88633569099173,28.806414207439666,28.590158507499964,29.092062314957907,28.970217350890376,28.50999847091076,27.88576738395971,29.13998828446702,29.21782637651486,27.841146338412074,28.663469074171434,27.47977792424167,23.525540216160145,29.28756972064717
1996-09-01,28.256126740071203,28.704743365746438,28.83614059610101,26.790370512802216,28.910489806475468,28.830345908486027,27.933777757387787,28.50165384925383,29.02323351871872,28.31057804277125,27.899058054368854,29.089701068799272,29.309456855997606,27.951912810385885,28.362081694062823,27.477120952817465,23.615411813012155,29.135469311325586
1996-10-01,26.454628728754727,27.238237242515616,27.344854907806113,25.173753891961724,27.56880115534662,27.565557575773113,26.27985104039174,26.74153454694216,27.79315959136113,26.77108007900561,26.54851220930531,27.65766177129054,28.00450426938206,26.906692687916554,26.64040931751125,25.585405040278918,22.769091131960366,27.381147537668973
1996-11-01,22.354290513503358,23.0870044713341,23.302994632722758,20.968737395301126,23.895100085758983,24.02113254957032,22.280323733230986,22.71936603440737,24.209460820227786,22.48930711794304,23.044388184285292,23.752286005262164,24.23168111709949,23.545257841069038,22.25605715185216,21.454224984690928,20.018782549340806,23.61404119581349
1996-12-01,19.00850705261759,19.27060598459374,19.604923164404152,17.221610200287127,20.278292542557505,20.524752091648548,18.67275123627377,18.80155095182709,20.638581232174356,18.464617445356907,19.68957473284118,19.739574730276434,20.366682968782452,20.09660257204942,18.101578555736197,18.248447215404266,17.19715568927514,19.560769508715435
1997-01-01,19.108574266193642,18.973116943046108,19.444484143062628,15.362499970532623,20.029879882107014,20.1777122187944,16.954862139149505,17.504020631311484,20.227037211264854,17.417928245155995,19.576721325544227,19.201355770382243,19.863704532544006,19.547070448465725,16.74974452704307,18.28087529215014,16.70429829686039,18.33910941384722
1997-02-01,21.77729565330381,21.956567748155383,22.350395842431944,17.290561141304522,22.958059584879653,23.036045472082638,18.83081951528267,19.544817297370383,23.182694644493917,20.075103742175884,22.286942013369966,21.972214372740172,22.74918649547386,22.305881959015696,19.14647806746334,20.789333270689543,18.950413095692696,20.79741313037914
1997-03-01,26.83969769627559,27.01095317361627,27.393016349470123,21.999715777647342,27.779400551341745,27.6005478422958,23.40621302959095,24.006740076121698,27.8253595040107,25.325712906204277,26.774804891449087,26.990808619705813,27.577014239685845,26.417984595651,24.33307256715492,25.872223294454834,22.30131235978601,25.88272704321024
1997-04-01,30.76913876291651,31.087577070668218,31.105141363020785,25.305789073589704,30.86109710536666,30.373452605492275,26.520469069310707,27.09407003697906,30.655107564562346,29.39561089923324,29.818394169978397,30.892264338378006,30.952739800661,28.831407704280835,28.208197050443893,30.23378800626228,24.137904211257016,29.703502481306337
1997-05-01,31.978272054139346,31.99306345466677,31.98381494421392,26.503015045960552,31.471767934631238,31.083956995790235,27.428271166181297,27.913495565672633,31.271442280084067,30.16572430639301,30.74239530464693,31.547427459844315,31.507534891253968,29.449787999039934,29.21448346843632,31.94726255233212,24.83121336115085,30.25038975461442
1997-06-01,30.731743068179323,30.93696033488058,30.857097419591938,27.30284434120238,30.548019854748567,30.344189199426015,28.192366855815123,28.799671284642294,30.53845186301493,29.857006649705333,29.78746409039714,30.763110427593734,30.716651797629467,29.029984560140804,29.381921955497205,30.487267177413287,24.557914904482566,30.22248765554344
1997-07-01,28.521684398443966,29.05866188228705,29.071627691079833,27.1687794392007,29.18206559173187,29.043319837663855,28.251954052706466,28.844731859917665,29.329330459576596,28.653253925647718,28.121122566894655,29.322138992029426,29.4066299359229,28.070415288558777,28.635976399551897,27.742234396862667,23.659039994390003,29.406793545209155
1997-08-01,28.25329773630074,28.811744977151182,28.813822094450778,27.401832015535245,28.891363928179604,28.81377252429798,28.58490637945121,29.09350715297278,28.979784749291984,28.510789376907017,27.875724791852463,29.15053498798277,29.230743188286404,27.84186040621345,28.669864471482626,27.481932483300785,23.529702413423333,29.300124313952985
1997-09-01,28.263120574940416,28.71673947762911,28.84318038434174,26.799649980450106,28.91553566819934,28.837506322122763,27.928532627251666,28.503082072590125,29.03276791219814,28.31134386851829,27.88870958627868,29.100139895645288,29.32223171731674,27.952982175936114,28.368477019247273,27.479275717686953,23.619574016751564,29.14803268994508
1997-10-01,26.459990390459154,27.25004403933909,27.352104689313176,25.183023369942745,27.573971872813022,27.572735914347174,26.274604565689216,26.742949010519027,27.802645998961022,26.771855310999403,26.53849748751644,27.66853901470856,28.01715391498003,26.90760844455583,26.646805081111356,25.5875595013765,22.77325332995757,27.3937143999344
1997-11-01,22.358457268041644,23.098868612538613,23.31041192213508,20.977997325409255,23.900238490984137,24.028164250682963,22.275076211232104,22.72080545787605,24.219012860367247,22.490136608291934,23.034980906361177,23.763520492464593,24.243958243301787,23.546458513365984,22.26245226002025,21.45637881047091,20.02294474768509,23.62658048342597
1997-12-01,19.012940597930797,19.28245473357299,19.61248692327562,17.230859317406782,20.283378928431613,20.531897239133812,18.667500251231687,18.802988227021512,20.648100201661283,18.46536468953024,19.679939511939903,19.750205909395373,20.37935213087188,20.09754801280674,18.107974643091595,18.250601958548486,17.201317909774797,19.573340520724543
1998-01-01,19.11547555759263,18.984714401042112,19.4519214666459,15.371739746997555,20.034944615575135,20.1849810729257,16.94961020622822,17.505459651070122,20.2364217046511,17.41869232627969,19.566358278098278,19.21218459474288,19.876159405838493,19.548035268979994,16.75614007700226,18.283029944768252,16.708460504299268,18.351670413856404
1998-02-01,21.783266344232658,21.968338248347415,22.357823357274498,17.29979044598545,22.963130682548876,23.043245564986208,18.82556724877737,19.546254382488193,23.19216719503581,20.075867117513646,22.27718565514474,21.982950300627127,22.761790064519058,22.30686309989588,19.152873533845778,20.79148784977577,18.954575300935797,20.809973493306746
1998-03-01,26.845565036695895,27.02260263282229,27.40051104557852,22.008933879056624,27.784470407499057,27.60778196831014,23.40095937510211,24.00817509994313,27.834807769316285,25.326475492370495,26.764783547810246,27.001633556868633,27.589555980425335,26.41894339802776,24.33946810606527,25.874377889648727,22.305474564894592,25.895287474381234
1998-04-01,30.774890529280178,31.099225876130127,31.11262795129434,25.314997523731023,30.86615279302842,30.38064229268345,26.515214477223566,27.095506482278005,30.66460602286269,29.396384858962797,29.80855805503269,30.903194072420302,30.965300281381097,28.832385750053934,28.21459256755507,30.23594261647192,24.142066416326458,29.716062260805423
1998-05-01,31.984485934116048,32.00466978243983,31.991275869342992,26.512213197537974,31.476858566102486,31.09121865417963,27.423016121743576,27.914934784910336,31.280869213019745,30.166502690321085,30.73234047701552,31.558479479439406,31.519939741106796,29.45077930388242,29.220878912916973,31.94941715090654,24.83537556553543,30.262948660392283
1998-06-01,30.737459233644536,30.948630236138087,30.86460021710154,27.31203248981359,30.553048118484174,30.35150495339307,28.18711269594364,28.801105622340238,30.547897002342864,29.857790961508996,29.777538771618325,30.774005883040765,30.729240621526035,29.03094894243484,29.38831746999491,30.489421769312575,24.562077109199542,30.23504653495273
1998-07-01,28.52785896377528,29.07041857802916,29.078941270079522,27.17795703582351,29.187151113587184,29.050419055277978,28.24669964130963,28.8461673264302,29.338828862512422,28.6540216516298,28.111109811450987,29.333032598762895,29.419098451098424,28.07145773764687,28.64237185918488,27.744389074472767,23.663202198853064,29.419353272854963
1998-08-01,28.25948944031769,28.823430422691757,28.821239693627184,27.410999819037993,28.896414101859015,28.820993876538147,28.579651048706957,29.094941755354284,28.989216450384696,28.511555196681773,27.865637258801133,29.161472333269867,29.24323100559778,27.842893586578928,28.676259960273264,27.484087107782855,23.53386461809761,29.31268445742611
1998-09-01,28.2688039044583,28.72831272084725,28.850787969155746,26.808806994879564,28.920580139457435,28.844794836757615,27.923276066058644,28.504518944686055,29.0422086228759,28.31211463034508,27.87871142850771,29.111109149459327,29.334756908699465,27.95393003049581,28.374872509972555,27.481430331330607,23.623736221331953,29.16059175903074
1998-10-01,26.466235832970522,27.261674450230583,27.359635154469096,25.19217030096611,27.57897591527347,27.580018339511064,26.26934774353807,26.744387792821154,27.812099798940874,26.772624258601137,26.52840180960628,27.679378636864207,28.029712060330013,26.908593196224267,26.653200556176838,25.589714129268994,22.777415534621205,27.40627306461334
1998-11-01,22.36511419762636,23.11048172749885,23.31788086608628,20.987134219509237,23.905252992135313,24.035496428120208,22.269819173021858,22.722240788803383,24.22844875098187,22.49089474472995,23.024707744278846,23.77425440999005,24.25661447973387,23.547374825568472,22.26884775852094,21.458533470397978,20.027106952343697,23.639142452695733
1998-12-01,19.019505724550882,19.294072464400877,19.619902095364846,17.239986089179375,20.288410292182373,20.53919096299742,18.66224329806257,18.80442393462943,20.657545129975553,18.466139244836114,19.6697329702122,19.761118326832523,20.391905133770074,20.098525651986442,18.114370106697343,18.2527565737602,17.205480114112206,19.585898742087487
1999-01-01,19.12119078042319,18.996408057422343,19.4593830626962,15.380856550068518,20.039982979437198,20.19223279929461,16.94435307346653,17.506895071458878,20.245903314372466,17.41946346493853,19.556364385459435,19.223038519247655,19.888768837998374,19.54900823774184,16.762535559785267,18.285184564236253,16.712622708826025,18.364229788290523
1999-02-01,21.78930205441735,21.979979636883787,22.365288554149522,17.30889720493581,22.968166984080668,23.050520620991144,18.820309903730315,19.547690057200654,23.20162477770606,20.076638380296313,22.26701449944379,21.99383169343621,22.774360350796346,22.30783214624809,19.159269019642814,20.79364247295901,18.958737505494387,20.822532933872942
1999-03-01,26.85163634322055,27.0342805818626,27.40795157108672,22.018030553577322,27.789507111207538,27.615045476652227,23.395701969369572,24.009611061105744,27.84427197800326,25.32724692373091,26.754689815575723,27.012488628783043,27.602142542627377,26.419917810381857,24.345863589286747,25.876532512055732,22.30963676945513,25.90784691406416
1999-04-01,30.781001637735756,31.110904023518945,31.120071454256166,25.32408425750722,30.871194084178008,30.38792088033543,26.509956981977137,27.096942247837347,30.674056537035888,29.397154035018623,29.79841020284273,30.914018147872525,30.97788191048997,28.83335554047312,28.220988051563324,30.23809723811981,24.146228620887566,29.72862177632155
1999-05-01,31.99043789033631,32.01636076390683,31.99872879615751,26.52128995934814,31.481888542458293,31.098472818076868,27.417758505322194,27.916370166513772,31.290339241510328,30.167270979921526,30.722256527641903,31.569267382751235,31.532562346116976,29.451745908329297,29.227274399498896,31.951571773135147,24.839537770106464,30.275508274836447
1999-06-01,30.743582601590827,30.960302011479847,30.872037767079725,27.321099322035728,30.55809828859044,30.358740761978247,28.181854826713423,28.802541674289653,30.5573620637366,29.858558088691037,29.767416982583267,30.784840096283073,30.741814788617003,29.03192201399986,29.394712954101003,30.491576391882358,24.56623931376576,30.2476061586977
1999-07-01,28.533824461078794,29.082064137392617,29.0864483090348,27.187013915384867,29.192182744567177,29.057728340953492,28.241441665223867,28.847603219822936,29.348279391394133,28.654792051702543,28.101013569769133,29.34386735464009,29.431704294407364,28.072412059250944,28.648767345255806,27.74654369282728,23.667364403422958,29.431912789435177
1999-08-01,28.26544903595946,28.83509750316415,28.828708532012683,27.420046825239428,28.901457177947538,28.82826171838931,28.574393056002126,29.096377769568935,28.998685178241416,28.512325978751203,27.855562865550738,29.172294155721946,29.25583176604148,27.843850134904983,28.682655445284794,27.486241728715925,23.538026822664445,29.32524392615241
1999-09-01,28.27493858021031,28.740013694723284,28.858187036660777,26.81784406900754,28.92562506179603,28.852039888215515,27.91801810520266,28.505954649558735,29.051674892490524,28.312884435400438,27.868610921512904,29.121921534536195,29.347347829380002,27.95490707102816,28.38126799491768,27.483584952824835,23.62789842590015,29.173151358282464
1999-10-01,26.472176920810913,27.273358156107243,27.367062543610693,25.201197518366435,27.584033927632493,27.587265457446176,26.264089717628863,26.745823236086306,27.821562497341624,26.77339442091612,26.518329796168125,27.690229360589427,28.042294305462196,26.909561375103195,26.65959604168278,25.591868750089784,22.781577739188197,27.41883271233335
1999-11-01,22.370913573372444,23.122170656908903,23.325330848550056,20.996151603667393,23.91030761825482,24.04272666375565,22.264561086714778,22.723676704175755,24.23791633577664,22.491667048384446,23.014687588082577,23.78513639869552,24.269170899113632,23.548359441660352,22.275243243195447,21.460688089583456,20.03126915691076,23.651701701056222
1999-12-01,19.02533671429842,19.305760001001946,19.627371824780077,17.248993653057997,20.293459458219687,20.546434246169106,18.656985127302704,18.80585979559235,20.667010248733604,18.466908295426677,19.659693348570258,19.771947519818454,20.40448873308322,20.09949553866077,18.12076559261275,18.254911195193703,17.209642318683926,19.598458441690326
2000-01-01,19.127314471724706,19.008072658204267,19.466835743428998,15.389854325030019,20.045029879174447,20.19949033392246,16.939094856769934,17.508330973333003,20.25535842516092,17.42023319436095,19.546262632193216,19.233885013556495,19.90133758023869,19.549979246536196,16.768931045016682,18.287339185445084,16.716784913395,18.376789350008753
2000-02-01,21.79531537238866,21.99166002618506,22.372739912534264,17.317885204656932,22.973214551587038,23.057770239235552,18.815051652054624,19.549125924759778,23.211086444030375,20.07740808569789,22.256964538843263,22.004670063965165,22.786939399145197,22.308804097149572,19.165664504764848,20.795797093977825,18.9628997100629,20.835092487917642
2000-03-01,26.857637401966972,27.045949927356002,27.415411989837285,22.027008794396888,27.79455454849444,27.62229901334852,23.39044367221242,24.01104688943624,27.853731836495488,25.328016595360502,26.744617233415475,27.023334783812448,27.61471730597702,26.420888472515372,24.352259074500736,25.878687133114937,22.313798974023612,25.920406467987064
2000-04-01,30.786988989023733,31.122573309058414,31.12753077956127,25.33305277018977,30.876240036150964,30.395169300169464,26.50469864844908,27.09837810288069,30.683520131918847,29.39792415297054,29.7883534334283,30.924873470497143,30.990457972582128,28.83432731264872,28.227383536748718,30.240251859216293,24.15039082545604,29.741181321150947
2000-05-01,31.996480052602863,32.02802617251046,32.006184660638716,26.530248760816928,31.486938157929465,31.105729525668526,27.412500144206884,27.91780607408115,31.299797512139875,30.168041273616815,30.712181087134034,31.580133403856188,31.54512762012333,29.452718445715558,29.233669884592057,31.953726394200167,24.843699974674795,30.28806780789105
2000-06-01,30.74956573083245,30.971973221823905,30.87949927857921,27.330048435004272,30.56314136575486,30.366003698060442,28.176596457469042,28.803977490348714,30.56682168957867,29.85932861198288,29.7573525980535,30.795692420567374,30.754392815281335,29.03289299816604,29.401108439282194,30.493731012932276,24.57040151833416,30.260165690435958
2000-07-01,28.53986195986129,29.093743266766285,29.093884301225327,27.195953357327134,29.197231824303188,29.06496634404322,28.236183275494916,28.84903905765918,29.35774298226924,28.655561927836523,28.090941720816932,29.354719518591896,29.44427398139045,28.07338754654472,28.655162830366663,27.748698314084397,23.671526607991307,29.444472334296456
2000-08-01,28.271488567193106,28.84677013166955,28.836158553077624,27.428976621694723,28.906502552002372,28.835513784618186,28.569134639269855,29.097813590833862,29.008143803730256,28.513095779149577,27.845484632936497,29.183150144768103,29.26840279126485,27.84482508739301,28.689050930434295,27.488396349847314,23.542189027232837,29.33780347673531
2000-09-01,28.280917815152804,28.75167608496274,28.8656626805663,26.8267642345547,28.930669838076284,28.859299687917428,27.91275965925712,28.507390512962136,29.06113418868417,28.313654429050185,27.858540318803797,29.132780314788057,29.35992144518681,27.95587710200029,28.387663480069172,27.48573957392755,23.632060630468523,29.185710893035868
2000-10-01,26.478222826020723,27.28502576250149,27.374527786604943,25.21010807814227,27.58907446564692,27.594524555927414,26.258831256238476,26.747259135175817,27.831022767899533,26.77416434395094,26.508250868219356,27.70107680183121,28.054870205323393,26.910533534347543,26.66599152681429,25.594023371224548,22.785739943756585,27.43139224122937
2000-11-01,22.3770082831468,23.133836685461258,23.332787794311134,21.00505257866412,23.915349252659176,24.04999149090787,22.259302611951586,22.725112538886737,24.247375273137347,22.49243654772973,23.004593508506694,23.795974592925678,24.28175359832419,23.549327653240187,22.281638728356583,21.462842710801784,20.035431361479148,23.66426127831848
2000-12-01,19.031420536514716,19.317426450221628,19.634821518627426,17.257885063396017,20.298502860486124,20.55369464591843,18.651726644112617,18.807295637830222,20.676469858926154,18.46767843846265,19.649604956405604,19.782801329033127,20.41706427640717,20.10046728776198,18.127161077729305,18.25706581629798,17.213804523252247,19.611017964354996
2001-01-01,19.13329748965026,19.019746035734645,19.474291698274936,15.39873619225086,20.050074015216488,20.206745897711947,16.9338363628328,17.509766809932408,20.264820765913008,17.421003203009867,19.536192393620624,19.24473370566852,19.913917035108938,19.55095072612869,16.775326530157937,18.28949380656158,16.72094711796336,18.38934888932743
2001-02-01,21.80133640207042,22.00332863444624,22.38019635300211,17.326757548854495,22.978258471419323,23.06502848929184,18.809793147919308,19.550561766021023,23.220546996178356,20.07817809908021,22.246879167510336,22.015521158760446,22.79951614065857,22.30977535047797,19.17205998991011,20.797951715104052,18.967061914631266,20.847652028155853
2001-03-01,26.86366265363931,27.057621871641913,27.42286510295314,22.035871635835537,27.799598510489034,27.629555933756073,23.38518516065153,24.012482736048526,27.863192881889866,25.328786615438023,26.734538471640658,27.034183576267054,27.627295175629044,26.42186003536274,24.35865455964269,25.88084175423901,22.317961178591982,25.93296600824712
2001-04-01,30.7930189614425,31.13424527145633,31.1349842942368,25.34190613023396,30.881284479058035,30.40242795688302,26.499440129842327,27.09981394585202,30.69298015788139,29.398694084751313,29.77827005149185,30.93571955153667,31.003035500306208,28.835298608901894,28.23377902189172,30.242406480338552,24.15455303002441,29.753740862510135
2001-05-01,32.00249114852026,32.039699306028204,32.013639446275825,26.539092659695985,31.491981414674928,31.11298537009437,27.407241618816848,27.919241909890115,31.30925899076465,30.168811170619083,30.702103160510177,31.590976320700523,31.55770798810452,29.453689558189883,29.240065369738375,31.955881015324156,24.847862179243165,30.300627350670688
2001-06-01,30.755597157291984,30.98364460279207,30.886951990390937,27.33888289336374,30.568186739462586,30.37325742897162,28.171337924210455,28.80541333862891,30.57628279844905,29.860098463578908,29.747271441098263,30.806539388396864,30.76696982577907,29.033864483671557,29.40750392442537,30.49588563405689,24.57456372290253,30.272725233380996
2001-07-01,28.54587466184915,29.105412255618177,29.101346384814256,27.204778395358176,29.20227525450814,29.072228535472593,28.23092473674796,28.850474902966468,29.367203009325255,28.656331907442347,28.080862744813903,29.365566533835423,29.456853187536282,28.074357950553615,28.66155831551237,27.750852935198814,23.675688812559677,29.45703187564683
2001-08-01,28.277500569221395,28.8584410842516,28.843615484666334,27.43779226018465,28.911547182026702,28.84277120399925,28.56387609664226,29.099249438402452,29.017605185535704,28.51386577374315,27.83540752210915,29.19399602870365,29.280981645081454,27.845795619844605,28.695446415578584,27.490550970967888,23.546351231801207,29.350363017394624
2001-09-01,28.286950582779234,28.763350130242152,28.873110202356447,26.835570493384356,28.93571466164706,28.86655448309714,27.907501113775158,28.508826354791314,29.0705953874954,28.31442438541579,27.848460978673778,29.143625373195132,29.3724996169625,27.95684881642948,28.394058965213404,27.487894195049574,23.636222835036893,29.198270435614027
2001-10-01,26.484232632897605,27.296698232125873,27.381979128052752,25.21890497798598,27.59412066147638,27.601779589052544,26.253572707040497,26.74869497214249,27.840483700866518,26.774934314283406,26.49817396055463,27.71192521386776,28.067447775760876,26.91150473763907,26.67238701195924,25.596177992345034,22.789902148324956,27.44395178451691
2001-11-01,22.38300128209261,23.145509631706393,23.340242182856485,21.013840139828304,23.920395093501345,24.057244580121793,22.254044059415175,22.726548384624653,24.25683656985207,22.4932066018789,22.99452102783825,23.806825739865474,24.29432937864886,23.550299804624565,22.288034213500474,21.46499733191801,20.039593566047518,23.676820815745184
2001-12-01,19.037417285052918,19.32909926939723,19.64227857038422,17.266663306077753,20.303548128932743,20.560949237483563,18.64646808822492,18.808731482538604,20.685930972066355,18.468448365272145,19.639530813991595,19.79364785767364,20.429641940713182,20.101438589555368,18.133556562874798,18.25922043742001,17.217966727820617,19.62357750839603
2002-01-01,19.139328954444586,19.031416762057695,19.481746450726444,15.407505136719006,20.055119046082513,20.21400213026474,16.928577804337415,17.511202655411235,20.27428113405096,17.421773156407063,19.526112947097317,19.25558174774796,19.92649366959419,19.55192209264924,16.781722015302535,18.29164842768294,16.72510932253173,18.401908431351767
2002-02-01,21.80735477589619,22.01500080143348,22.38765092711258,17.335517215223433,22.9833035722894,23.072283810313102,18.804534587182776,19.551997610865353,23.230007852316696,20.078948051541683,22.236804142470888,22.026368490221472,22.81209348950798,22.31074677133941,19.17845547505457,20.80010633622491,18.971224119199636,20.860211570069076
2002-03-01,26.869679573442493,27.06929303090844,27.43032089900899,22.044622044192923,27.804643597707866,27.63681170596735,23.37992659774187,24.01391858016374,27.872653603451514,25.329556566574567,26.724461515423172,27.04503158866923,27.63987222746566,26.42283138188838,24.365050044787267,25.882996375359987,22.322123383160353,25.945525550157473
2002-04-01,30.79903425545544,31.14591642525166,31.142439942822833,25.350647300714265,30.88632941056782,30.40968313991316,26.494181565054323,27.10124979046323,30.702441157583465,29.399464053354748,29.76819444519134,30.946568365868416,31.015612642164527,28.836270019454247,28.24017450703626,30.244561101459624,24.15871523459278,29.766300404287367
2002-05-01,32.008512943461334,32.05137010606042,32.02109462811063,26.54782461230399,31.49702673023816,31.1202415074188,27.401983052420704,27.920677755477158,31.318719594124282,30.169581146102793,30.692025960278617,31.60182607087649,31.57028438218853,29.454661012879615,29.246460854882795,31.95803563644514,24.852024383811536,30.313186892275965
2002-06-01,30.761611950544026,30.99531593222124,30.894407933822762,27.347605648097204,30.57323136959928,30.38051428347548,28.166079356594665,28.80684918251708,30.58574350269198,29.860868448044368,29.737195184703648,30.817387940451194,30.77954710381115,29.03483584877206,29.413899409569897,30.498040255177838,24.5787259274709,30.285284774966044
2002-07-01,28.551895903671365,29.117084307639423,29.108798886530277,27.21349197213914,29.207320513908947,29.07948251906677,28.225666167880558,28.851910747259808,29.37666400872899,28.657101866585514,28.07078585118953,29.37641507186678,29.469429887504766,28.075329575392196,28.667953800656807,27.753007556320267,23.679851017128048,29.469591417425285
2002-08-01,28.283522052104463,28.870112543084325,28.851069878416297,27.44649667894251,28.916592052951973,28.850026806893734,28.558617526551895,29.10068528238764,29.027065815311396,28.514635729921263,27.825330083518498,29.204844901331075,29.293558437810145,27.846767213835665,28.70184190072308,27.49270559208903,23.550513436369577,29.362922559256763
2002-09-01,28.292964914143322,28.775020654856466,28.880568051785282,26.84426577393723,28.940759469906183,28.873810976462508,27.902242542532445,28.510262199558206,29.08005606719899,28.31519434915606,27.838384191439886,29.15447448998127,29.38507658925684,27.957820126550462,28.40045445035789,27.490048816170653,23.640385039605263,29.210829977243588
2002-10-01,26.49025487177468,27.30836923270198,27.389435574740585,25.22759114017513,27.59916502542786,27.609036001675832,26.248314134907854,26.750130817571733,27.849944453102697,26.775704275260853,26.488096462604002,27.722773338782847,28.080024906373676,26.912476170517632,26.678782497103704,25.598332613466184,22.794064352893326,27.456511326060507
2002-11-01,22.389029309497246,23.157180488308608,23.347697510520295,21.022517203426435,23.925439572390022,24.06450165237294,22.24878548649692,22.727984228859153,24.266297222843804,22.493976546275785,22.984442236409624,23.817673055904123,24.306906980557116,23.55127100980404,22.29442969864498,21.467151953039377,20.04375577061589,23.689380357999077
2002-12-01,19.04344402112565,19.340770164383542,19.64973292000335,17.275331290809532,20.3085927931507,20.568205799941527,18.641209514652786,18.810167326913486,20.695391675144315,18.469218334859313,19.629452508091113,19.804496539622924,20.442219046612543,20.102409998777205,18.139952048019246,18.261375058541084,17.22212893238899,19.636137049848358
